latitude,longitude,name,desc,color,source,precision
39.0101891,-104.8848572,USAF Academy,"United States Air Force Academy, CO",,Bing Maps,HigherEducationFacility
33.2104912,-87.5659332,Tuscaloosa,"Tuscaloosa, AL",,Bing Maps,city/town
33.5206795,-86.8117599,Birmingham,"Birmingham, AL",,Bing Maps,city/town
38.8903694,-77.0319595,Washington,"Washington, DC",,Bing Maps,city/town
42.9788895,-78.7994537,Amherst,"Amherst, NY",,Bing Maps,city/town
36.2203598,-81.6869583,Boone,"Boone, NC",,Bing Maps,city/town
40.102211,-75.151062,Glenside,"Glenside, PA",,Bing Maps,city/town
32.22155,-110.9697571,Tucson,"Tucson, AZ",,Bing Maps,city/town
33.4255104,-111.9374237,Tempe,"Tempe, AZ",,Bing Maps,city/town
35.0544891,-78.8775787,Fayetteville,"Fayetteville, NC",,Bing Maps,city/town
32.60746,-85.4817276,Auburn,"Auburn, AL",,Bing Maps,city/town
38.2548599,-85.7664032,Louisville,"Louisville, KY",,Bing Maps,city/town
36.1678391,-86.7781601,Nashville,"Nashville, TN",,Bing Maps,city/town
42.8767204,-73.1981812,Bennington,"Bennington, VT",,Bing Maps,city/town
42.3764381,-71.235321,Waltham,"Waltham, MA",,Bing Maps,city/town
44.943821,-93.0933228,Saint Paul,"St Paul, MN",,Bing Maps,city/town
43.6069794,-116.1934128,Boise,"Boise, ID",,Bing Maps,city/town
42.3260918,-71.1645508,Chestnut Hill,"Chestnut Hill, MA",,Bing Maps,city/town
36.9946213,-86.4455795,Bowling Green,"Bowling Green, KY",,Bing Maps,city/town
40.2336998,-111.6685028,Provo,"Provo, UT",,Bing Maps,city/town
49.2811012,-123.0439987,Vancouver,"Vancouver, BC",,Bing Maps,city/town
41.8238716,-71.4119873,Providence,"Providence, RI",,Bing Maps,city/town
34.0548286,-117.7500305,Pomona,"Pomona, CA",,Bing Maps,city/town
35.2855186,-120.6625214,San Luis Obispo,"San Luis Obispo, CA",,Bing Maps,city/town
39.7319984,-121.84198,Chico,"Chico, CA",,Bing Maps,city/town
38.5466919,-121.7445679,Davis,"Davis, CA",,Bing Maps,city/town
33.6872406,-117.8258209,Irvine,"Irvine, CA",,Bing Maps,city/town
32.7156906,-117.1617203,San Diego,"San Diego, CA",,Bing Maps,city/town
34.4356804,-119.8240967,Goleta,"Goleta, CA",,Bing Maps,city/town
36.9740181,-122.0309525,Santa Cruz,"Santa Cruz, CA",,Bing Maps,city/town
42.8854408,-78.8784637,Buffalo,"Buffalo, NY",,Bing Maps,city/town
35.0908089,-92.4402313,Conway,"Conway, AR",,Bing Maps,city/town
40.8676605,-124.0850601,Arcata,"Arcata, CA",,Bing Maps,city/town
55.7569695,37.6150208,Moscow,"Moscow, Russia",,Bing Maps,city/town
40.1142006,-88.2434998,Champaign,"Champaign, IL",,Bing Maps,city/town
40.5108185,-88.9941406,Normal,"Normal, IL",,Bing Maps,city/town
40.1172714,-88.2044907,Urbana,"Urbana, IL",,Bing Maps,city/town
39.1665916,-86.5342407,Bloomington,"Bloomington, IN",,Bing Maps,city/town
40.6522217,-73.9911118,Greenwood,Green-Wood Cemetery,,Bing Maps,HistoricalSite
41.6578217,-91.5265274,Iowa City,"Iowa City, IA",,Bing Maps,city/town
42.025341,-93.6202011,Ames,"Ames, IA",,Bing Maps,city/town
42.4405098,-76.4954605,Ithaca,"Ithaca, NY",,Bing Maps,city/town
39.7669106,-86.1499634,Indianapolis,"Indianapolis, IN",,Bing Maps,city/town
38.4515305,-78.8690414,Harrisonburg,"Harrisonburg, VA",,Bing Maps,city/town
36.1886292,-94.5413437,Siloam Springs,"Siloam Springs, AR",,Bing Maps,city/town
42.9332008,-72.2815018,Keene,"Keene, NH",,Bing Maps,city/town
34.0234413,-84.6167603,Kennesaw,"Kennesaw, GA",,Bing Maps,city/town
38.0485916,-84.5003204,Lexington,"Lexington, KY",,Bing Maps,city/town
43.0114403,-83.6867905,Flint,"Flint, MI",,Bing Maps,city/town
40.9469109,-90.3646622,Galesburg,"Galesburg, IL",,Bing Maps,city/town
37.6754913,-121.7582169,Livermore,"Livermore, CA",,Bing Maps,city/town
40.6310196,-75.3777771,Bethlehem,"Bethlehem, PA",,Bing Maps,city/town
42.3667908,-71.1060104,Cambridge,"Cambridge, MA",,Bing Maps,city/town
32.5006409,-94.7410736,Longview,"Longview, TX",,Bing Maps,city/town
45.5117912,-122.6756287,portland,"Portland, OR",,Bing Maps,city/town
37.4140205,-79.1428375,Lynchburg,"Lynchburg, VA",,Bing Maps,city/town
32.5304985,-92.6397934,Ruston,"Ruston, LA",,Bing Maps,city/town
41.8842506,-87.6324463,Chicago,"Chicago, IL",,Bing Maps,city/town
30.4433403,-91.1869888,Baton Rouge,"Baton Rouge, LA",,Bing Maps,city/town
44.8858795,-68.6739883,Orono,"Orono, ME",,Bing Maps,city/town
41.7067108,-73.9293671,Poughkeepsie,"Poughkeepsie, NY",,Bing Maps,city/town
38.3008919,-77.459137,Fredericksburg,"Fredericksburg, VA",,Bing Maps,city/town
38.9807205,-76.9372711,College Park,"College Park, MD",,Bing Maps,city/town
39.2905807,-76.6092606,Baltimore,"Baltimore, MD",,Bing Maps,city/town
42.7030907,-71.1312408,North Andover,"North Andover, MA",,Bing Maps,city/town
34.3640213,-89.5189438,Oxford,"Oxford, MS",,Bing Maps,city/town
25.7492294,-80.2629471,Coral Gables,"Coral Gables, FL",,Bing Maps,city/town
42.2821007,-83.7484665,Ann Arbor,"Ann Arbor, MI",,Bing Maps,city/town
42.7374992,-84.4837799,East Lansing,"East Lansing, MI",,Bing Maps,city/town
47.1218605,-88.5700226,Houghton,"Houghton, MI",,Bing Maps,city/town
44.0149918,-73.1671066,Middlebury,"Middlebury, VT",,Bing Maps,city/town
44.9790306,-93.2649307,Minneapolis,"Minneapolis, MN",,Bing Maps,city/town
46.7879601,-92.0998535,Duluth,"Duluth, MN",,Bing Maps,city/town
33.4659195,-88.8128815,Starkville,"Starkville, MS",,Bing Maps,city/town
37.9514389,-91.7674408,Rolla,"Rolla, MO",,Bing Maps,city/town
46.8727798,-113.9962311,Missoula,"Missoula, MT",,Bing Maps,city/town
45.6793213,-111.0331802,Bozeman,"Bozeman, MT",,Bing Maps,city/town
40.6026001,-75.4702606,Allentown,"Allentown, PA",,Bing Maps,city/town
38.9766998,-76.4899292,Annapolis,"Annapolis, MD",,Bing Maps,city/town
41.2722816,-72.9499817,West Haven,"West Haven, CT",,Bing Maps,city/town
35.0841789,-106.6486435,Albuquerque,"Albuquerque, NM",,Bing Maps,city/town
35.9148903,-79.0567703,Chapel Hill,"Chapel Hill, NC",,Bing Maps,city/town
35.785511,-78.6426697,Raleigh,"Raleigh, NC",,Bing Maps,city/town
35.5984612,-82.5531387,Asheville,"Asheville, NC",,Bing Maps,city/town
36.0689888,-79.7947006,Greensboro,"Greensboro, NC",,Bing Maps,city/town
34.2349701,-77.9459915,Wilmington,"Wilmington, NC",,Bing Maps,city/town
35.0703392,-82.3692093,Tigerville,"Tigerville, SC",,Bing Maps,city/town
33.2165604,-97.1309814,Denton,"Denton, TX",,Bing Maps,city/town
42.3586617,-71.0567398,Boston,"Boston, MA",,Bing Maps,city/town
35.1982002,-111.6512985,Flagstaff,"Flagstaff, AZ",,Bing Maps,city/town
40.4232712,-104.694458,Greeley,"Greeley, CO",,Bing Maps,city/town
41.9292984,-88.7492981,Dekalb,"De Kalb, IL",,Bing Maps,city/town
42.528141,-92.445549,Cedar Falls,"Cedar Falls, IA",,Bing Maps,city/town
46.5458412,-87.413681,Marquette,"Marquette, MI",,Bing Maps,city/town
41.6993294,-86.2387924,Notre Dame,"Notre Dame, IN",,Bing Maps,city/town
40.7820015,-73.8327026,New York,"New York, NY",,Bing Maps,city/town
41.2935295,-82.2173309,Oberlin,"Oberlin, OH",,Bing Maps,city/town
34.0534897,-118.2453232,Los Angeles,"Los Angeles, CA",,Bing Maps,city/town
39.9619904,-83.0027466,Columbus,"Columbus, OH",,Bing Maps,city/town
39.3336487,-82.0451813,Athens,Athens,,Bing Maps,county/district
38.9843407,-75.4430084,Delaware,Delaware,,Bing Maps,state/province
41.1542587,-87.877861,Bourbonnais,"Bourbonnais, IL",,Bing Maps,city/town
44.0499191,-123.0885391,Eugene,"Eugene, OR",,Bing Maps,city/town
44.5650406,-123.2635269,Corvallis,"Corvallis, OR",,Bing Maps,city/town
47.2551308,-122.4416428,Tacoma,"Tacoma, WA",,Bing Maps,city/town
40.7937317,-77.8607025,State College,"State College, PA",,Bing Maps,city/town
39.9522781,-75.1624527,Philadelphia,"Philadelphia, PA",,Bing Maps,city/town
40.4383392,-79.997467,Pittsburgh,"Pittsburgh, PA",,Bing Maps,city/town
40.3272591,-78.9183502,Johnstown,"Johnstown, PA",,Bing Maps,city/town
45.5117912,-122.6756287,Portland,"Portland, OR",,Bing Maps,city/town
44.2411995,-76.5058975,Kingston,"Kingston, ON",,Bing Maps,city/town
40.3492012,-74.070137,Red bank,"Red Bank, NJ",,Bing Maps,city/town
39.9490013,26.2373009,Troy,"Troy, Turkey",,Bing Maps,AncientSite
29.7604504,-95.3697815,Houston,"Houston, TX",,Bing Maps,city/town
33.9525795,-83.987999,Lawrenceville,"Lawrenceville, GA",,Bing Maps,city/town
44.9332619,-123.043808,Salem,"Salem, OR",,Bing Maps,city/town
43.1557999,-77.6163177,Rochester,"Rochester, NY",,Bing Maps,city/town
39.4664917,-87.4132309,Terre Haute,"Terre Haute, IN",,Bing Maps,city/town
39.7071114,-75.1110306,Glassboro,"Glassboro, NJ",,Bing Maps,city/town
38.5793304,-121.4908981,Sacramento,"Sacramento, CA",,Bing Maps,city/town
43.0839005,-73.7845001,Saratoga Springs,"Saratoga Springs, NY",,Bing Maps,city/town
38.3424187,-122.7101669,Rohnert Park,"Rohnert Park, CA",,Bing Maps,city/town
37.9770813,-87.5640488,Evansville,"Evansville, IN",,Bing Maps,city/town
32.7781487,-96.7954025,Dallas,"Dallas, TX",,Bing Maps,city/town
31.3273506,-89.2907104,Hattiesburg,"Hattiesburg, MS",,Bing Maps,city/town
30.6863899,-88.0532379,Mobile,"Mobile, AL",,Bing Maps,city/town
40.1869583,-75.4525299,Collegeville,"Collegeville, PA",,Bing Maps,city/town
44.4496002,-93.1537628,Northfield,"Northfield, MN",,Bing Maps,city/town
44.943821,-93.0933228,St. Paul,"St Paul, MN",,Bing Maps,city/town
38.6277504,-90.1995621,St. Louis,"St Louis, MO",,Bing Maps,city/town
37.4313698,-122.1689224,Stanford,"Stanford, CA",,Bing Maps,city/town
40.7371597,-74.0309677,Hoboken,"Hoboken, NJ",,Bing Maps,city/town
42.4401283,-79.3312073,Fredonia,"Fredonia, NY",,Bing Maps,city/town
39.9008789,-75.3479385,Swarthmore,"Swarthmore, PA",,Bing Maps,city/town
43.0499916,-76.1473923,Syracuse,"Syracuse, NY",,Bing Maps,city/town
35.9604912,-83.9209137,Knoxville,"Knoxville, TN",,Bing Maps,city/town
35.0464401,-85.3094635,Chattanooga,"Chattanooga, TN",,Bing Maps,city/town
29.4245796,-98.4946136,San Antonio,"San Antonio, TX",,Bing Maps,city/town
30.6205406,-96.3258972,College Station,"College Station, TX",,Bing Maps,city/town
32.7509499,-97.3308563,Fort Worth,"Fort Worth, TX",,Bing Maps,city/town
33.5845108,-101.8450089,lubbock,"Lubbock, TX",,Bing Maps,city/town
38.8905106,-77.0862885,Arlington,"Arlington, VA",,Bing Maps,city/town
30.2675991,-97.742981,Austin,"Austin, TX",,Bing Maps,city/town
32.9607391,-96.7329712,Richardson,"Richardson, TX",,Bing Maps,city/town
40.2699089,-74.7998886,Ewing,"Ewing Township, NJ",,Bing Maps,city/town
41.6538086,-83.5362625,Toledo,"Toledo, OH",,Bing Maps,city/town
-12.3335552,17.539465,Angola,Angola,,Bing Maps,country
40.1966896,-92.5720215,Kirksville,"Kirksville, MO",,Bing Maps,city/town
42.3235588,-122.8756104,Medford,"Medford, OR",,Bing Maps,city/town
29.9536991,-90.0777512,New Orleans,"New Orleans, LA",,Bing Maps,city/town
36.1497383,-95.9933319,Tulsa,"Tulsa, OK",,Bing Maps,city/town
37.9536705,-121.2907486,Stockton,"Stockton, CA",,Bing Maps,city/town
40.7600594,-111.8882217,Salt Lake City,"Salt Lake City, UT",,Bing Maps,city/town
30.8347206,-83.2809219,Valdosta,"Valdosta, GA",,Bing Maps,city/town
41.4677505,-87.0616226,Valparaiso,"Valparaiso, IN",,Bing Maps,city/town
48.4389,-123.3929977,Victoria,"Victoria, BC",,Bing Maps,city/town
38.0321312,-78.4775314,Charlottesville,"Charlottesville, VA",,Bing Maps,city/town
37.2262611,-80.4105835,Blacksburg,"Blacksburg, VA",,Bing Maps,city/town
36.0996208,-80.2410889,winston-salem,"Winston-Salem, NC",,Bing Maps,city/town
47.603569,-122.3294525,Seattle,"Seattle, WA",,Bing Maps,city/town
46.7301483,-117.1814728,Pullman,"Pullman, WA",,Bing Maps,city/town
43.4996986,-80.5286026,Waterloo,"Waterloo, ON",,Bing Maps,city/town
39.5098915,-84.4035873,Middletown,"Middletown, OH",,Bing Maps,city/town
41.3952217,-73.955162,West Point,"West Point, NY",,Bing Maps,city/town
39.6303711,-79.9578476,Morgantown,"Morgantown, WV",,Bing Maps,city/town
48.7523499,-122.4712219,Bellingham,"Bellingham, WA",,Bing Maps,city/town
42.1202202,-72.7541504,Westfield,"Westfield, MA",,Bing Maps,city/town
34.4193802,-119.6990509,Santa Barbara,"Santa Barbara, CA",,Bing Maps,city/town
41.8660583,-88.1106262,Wheaton,"Wheaton, IL",,Bing Maps,city/town
47.6572609,-117.4122772,Spokane,"Spokane, WA",,Bing Maps,city/town
36.7439804,-84.1580963,Williamsburg,"Williamsburg, KY",,Bing Maps,city/town
42.7100906,-73.2044601,Williamstown,"Williamstown, MA",,Bing Maps,city/town
44.0512886,-91.638588,Winona,"Winona, MN",,Bing Maps,city/town
43.0729485,-89.3866882,Madison,"Madison, WI",,Bing Maps,city/town
43.0418091,-87.9068375,Milwaukee,"Milwaukee, WI",,Bing Maps,city/town
42.5880699,-87.8236465,Kenosha,"Kenosha, WI",,Bing Maps,city/town
42.7349281,-90.4801331,Platteville,"Platteville, WI",,Bing Maps,city/town
42.2634087,-71.8021927,Worcester,"Worcester, MA",,Bing Maps,city/town
39.1071281,-84.5041275,Cincinnati,"Cincinnati, OH",,Bing Maps,city/town
41.307621,-72.9246216,New Haven,"New Haven, CT",,Bing Maps,city/town
39.9645309,-76.7242889,York,"York, PA",,Bing Maps,city/town
37.3557396,-121.9549866,Santa Clara,"Santa Clara, CA",,Bing Maps,city/town
33.7483101,-84.3911133,Atalanta,"Atlanta, GA",,Bing Maps,city/town
28.5382309,-81.377388,Orlando,"Orlando, FL",,Bing Maps,city/town
42.4405098,-76.4954605,Ithaca,"Ithaca, NY",,Bing Maps,city/town